"Tarih","Şimdi","Açılış","Yüksek","Düşük","Hac.","Fark %"
"22.07.2025","48,35","48,09","48,41","47,88","20,57M","0,54%"
"21.07.2025","48,09","47,70","48,14","47,70","17,71M","1,03%"
"18.07.2025","47,60","47,25","47,74","47,25","15,52M","0,78%"
"17.07.2025","47,23","47,31","47,31","47,06","13,78M","-0,17%"
"16.07.2025","47,31","47,06","47,55","47,05","24,10M","0,57%"
"14.07.2025","47,04","47,00","47,35","46,96","18,54M","0,49%"
"11.07.2025","46,81","46,30","46,88","46,26","18,43M","1,32%"
"10.07.2025","46,20","46,25","46,29","46,20","8,45M","0,15%"
"09.07.2025","46,13","46,16","46,19","45,94","16,88M","-0,13%"
"08.07.2025","46,19","46,60","46,75","46,02","18,69M","-0,84%"
"07.07.2025","46,58","46,82","46,93","46,45","20,10M","-0,51%"
"04.07.2025","46,82","46,95","46,96","46,74","8,88M","0,21%"
"03.07.2025","46,72","47,00","47,02","46,63","14,04M","0,00%"
"02.07.2025","46,72","47,08","47,08","46,64","18,69M","-0,76%"
"01.07.2025","47,08","47,01","47,25","47,01","21,17M","0,86%"
"30.06.2025","46,68","47,18","47,34","46,50","23,80M","-1,06%"
"27.06.2025","47,18","47,24","47,26","46,87","20,14M","-0,78%"
"26.06.2025","47,55","47,64","47,78","47,51","21,69M","0,25%"
"25.06.2025","47,43","47,54","47,80","47,39","17,39M","0,15%"
"24.06.2025","47,36","46,93","48,12","46,81","50,05M","-3,88%"
"23.06.2025","49,27","48,87","49,36","48,87","28,96M","0,82%"
"20.06.2025","48,87","48,68","48,95","48,52","22,92M","-0,39%"
"19.06.2025","49,06","48,98","49,15","48,80","17,90M","-0,28%"
"18.06.2025","49,20","49,13","49,50","49,00","26,15M","0,20%"
"17.06.2025","49,10","49,18","49,34","48,73","31,12M","-0,18%"
"16.06.2025","49,19","49,75","49,82","48,78","41,04M","-1,11%"
"13.06.2025","49,74","48,73","49,96","48,71","62,45M","4,25%"
"12.06.2025","47,71","47,80","47,89","47,20","46,12M","1,71%"
"11.06.2025","46,91","47,17","47,19","46,90","23,24M","-0,19%"
"10.06.2025","47,00","47,12","47,25","46,65","29,59M","-1,12%"
"05.06.2025","47,53","46,84","47,54","46,84","12,89M","1,49%"
"04.06.2025","46,83","46,38","46,96","46,35","23,39M","1,32%"
"03.06.2025","46,22","46,32","46,40","45,98","24,56M","-0,88%"
"02.06.2025","46,63","46,33","46,95","46,06","35,86M","2,26%"
"30.05.2025","45,60","45,50","45,72","45,26","17,74M","0,22%"
"29.05.2025","45,50","45,08","45,68","44,50","20,93M","0,78%"
"28.05.2025","45,15","46,30","46,66","44,60","44,96M","-2,12%"
"27.05.2025","46,13","46,21","46,38","45,91","23,92M","-1,03%"
"26.05.2025","46,61","46,97","46,97","46,00","27,09M","-1,08%"
"23.05.2025","47,12","46,70","47,40","46,45","43,57M","2,30%"
"22.05.2025","46,06","46,75","46,90","45,86","25,60M","-0,32%"
"21.05.2025","46,21","46,67","46,99","45,93","29,54M","1,12%"
"20.05.2025","45,70","44,81","45,96","44,81","34,75M","2,01%"
"16.05.2025","44,80","44,98","45,16","44,30","29,03M","-0,40%"
"15.05.2025","44,98","43,00","45,01","42,55","46,82M","3,64%"
"14.05.2025","43,40","44,67","44,67","43,30","31,53M","-3,06%"
"13.05.2025","44,77","44,89","45,49","44,57","26,94M","-0,27%"
"12.05.2025","44,89","45,01","45,38","44,89","34,01M","-4,99%"
"09.05.2025","47,25","47,51","47,79","47,01","21,56M","-0,55%"
"08.05.2025","47,51","46,80","47,83","46,15","25,86M","-0,17%"
"07.05.2025","47,59","48,08","48,09","47,40","39,60M","-1,35%"
"06.05.2025","48,24","47,78","48,67","47,77","36,95M","2,94%"
"05.05.2025","46,86","45,20","46,98","45,20","36,34M","4,04%"
"02.05.2025","45,04","44,64","45,45","44,14","28,28M","-0,33%"
"30.04.2025","45,19","45,12","45,49","44,80","36,59M","0,20%"
"29.04.2025","45,10","45,46","45,97","44,72","37,65M","-0,88%"
"28.04.2025","45,50","44,20","45,54","43,21","60,11M","1,88%"
"25.04.2025","44,66","46,10","46,17","44,65","68,30M","-4,98%"
"24.04.2025","47,00","47,40","47,90","46,84","50,11M","-3,98%"
"22.04.2025","48,95","50,50","51,20","48,15","75,63M","-0,55%"
"21.04.2025","49,22","48,11","49,26","48,03","42,88M","4,90%"
"18.04.2025","46,92","46,06","47,00","46,00","27,25M","2,22%"
"17.04.2025","45,90","46,37","46,80","45,61","47,78M","-0,97%"
"16.04.2025","46,35","45,78","46,46","45,60","46,20M","4,18%"
"15.04.2025","44,49","44,04","44,55","44,04","25,63M","1,34%"
"14.04.2025","43,90","44,44","44,44","43,60","34,46M","-1,24%"
"11.04.2025","44,45","44,50","44,64","43,91","34,09M","2,21%"
"10.04.2025","43,49","43,30","43,49","42,66","33,83M","1,00%"
"09.04.2025","43,06","42,43","43,27","42,43","45,50M","2,50%"
"08.04.2025","42,01","41,56","42,11","41,56","22,28M","1,47%"
"07.04.2025","41,40","42,10","42,10","41,25","28,69M","-2,06%"
"04.04.2025","42,27","42,60","42,90","42,05","31,37M","-1,08%"
"03.04.2025","42,73","43,04","43,15","42,00","48,65M","-0,44%"
"02.04.2025","42,92","42,50","42,94","42,36","33,99M","2,85%"
"28.03.2025","41,73","41,58","41,91","41,50","40,61M","2,05%"
"27.03.2025","40,89","40,01","40,93","39,91","40,90M","2,64%"
"26.03.2025","39,84","40,60","40,83","39,72","40,22M","-1,75%"
"25.03.2025","40,55","40,91","41,02","40,15","47,88M","-0,88%"
"24.03.2025","40,91","41,40","41,98","39,66","88,45M","-1,09%"
"21.03.2025","41,36","40,14","41,99","40,01","94,16M","2,78%"
"20.03.2025","40,24","40,25","40,60","39,33","72,47M","0,50%"
"19.03.2025","40,04","39,27","40,15","39,27","104,80M","4,71%"
"18.03.2025","38,24","37,85","38,42","37,76","49,43M","2,25%"
"17.03.2025","37,40","37,00","37,49","37,00","25,38M","1,25%"
"14.03.2025","36,94","37,00","37,45","36,81","32,90M","0,71%"
"13.03.2025","36,68","36,51","36,77","36,28","25,85M","1,24%"
"12.03.2025","36,23","36,21","36,33","36,00","16,32M","0,06%"
"11.03.2025","36,21","36,14","36,34","36,11","13,48M","0,17%"
"10.03.2025","36,15","36,37","36,39","36,07","15,64M","-0,60%"
"07.03.2025","36,37","36,20","36,44","36,06","20,60M","0,64%"
"06.03.2025","36,14","36,30","36,50","35,91","21,83M","-0,17%"
"05.03.2025","36,20","36,50","36,70","35,85","33,94M","-0,69%"
"04.03.2025","36,45","35,85","36,66","35,75","37,65M","1,96%"
"03.03.2025","35,75","34,75","35,77","34,75","27,48M","3,47%"
"28.02.2025","34,55","34,59","34,94","34,37","31,46M","-0,37%"
"27.02.2025","34,68","34,95","34,96","34,53","38,11M","-1,34%"
"26.02.2025","35,15","36,05","36,05","34,94","44,62M","-2,82%"
"25.02.2025","36,17","36,45","36,53","36,15","26,99M","-1,07%"
"24.02.2025","36,56","36,35","36,75","36,33","28,83M","0,72%"
"21.02.2025","36,30","36,50","36,50","35,84","35,37M","-0,60%"
"20.02.2025","36,52","36,51","36,91","36,30","37,82M","0,83%"
"19.02.2025","36,22","35,59","36,35","35,59","47,76M","1,80%"
"18.02.2025","35,58","35,00","35,61","34,99","25,32M","2,01%"
"17.02.2025","34,88","34,66","34,91","34,55","17,89M","0,32%"
"14.02.2025","34,77","34,84","34,88","34,62","22,84M","0,70%"
"13.02.2025","34,53","34,59","34,65","34,40","16,40M","0,76%"
"12.02.2025","34,27","34,59","34,60","34,14","25,38M","-0,95%"
"11.02.2025","34,60","34,80","34,97","34,13","36,01M","-0,12%"
"10.02.2025","34,64","34,45","34,71","34,34","34,12M","1,73%"
"07.02.2025","34,05","33,99","34,16","33,79","26,11M","1,04%"
"06.02.2025","33,70","34,46","34,46","33,53","34,88M","-2,32%"
"05.02.2025","34,50","34,26","34,53","34,10","36,82M","1,71%"
"04.02.2025","33,92","33,49","34,00","33,13","30,83M","1,10%"
"03.02.2025","33,55","32,65","33,56","32,43","26,57M","2,54%"
"31.01.2025","32,72","32,42","32,74","32,41","18,88M","1,08%"
"30.01.2025","32,37","32,07","32,37","32,07","17,19M","1,28%"
"29.01.2025","31,96","32,30","32,36","31,94","16,82M","-1,02%"
"28.01.2025","32,29","32,22","32,37","32,12","15,09M","0,22%"
"27.01.2025","32,22","32,36","32,45","32,00","20,18M","-0,74%"
"24.01.2025","32,46","32,32","32,62","32,21","18,59M","1,92%"
"23.01.2025","31,85","32,18","32,20","31,75","20,29M","-1,03%"
"22.01.2025","32,18","32,01","32,56","32,00","28,65M","0,91%"
"21.01.2025","31,89","31,27","31,90","31,27","18,86M","2,54%"
"20.01.2025","31,10","31,20","31,25","31,06","12,95M","-0,32%"
"17.01.2025","31,20","31,14","31,29","31,11","12,88M","0,19%"
"16.01.2025","31,14","31,01","31,18","30,95","15,44M","0,68%"
"15.01.2025","30,93","30,83","31,15","30,83","19,09M","0,59%"
"14.01.2025","30,75","30,63","30,84","30,63","11,34M","0,42%"
"13.01.2025","30,62","31,01","31,07","30,60","17,48M","-1,26%"
"10.01.2025","31,01","30,84","31,15","30,83","17,03M","0,71%"
"09.01.2025","30,79","30,80","30,87","30,76","9,95M","0,00%"
"08.01.2025","30,79","30,83","30,91","30,76","11,31M","-0,10%"
"07.01.2025","30,82","30,83","30,87","30,79","12,91M","0,13%"
"06.01.2025","30,78","30,99","30,99","30,73","17,58M","-0,71%"
"03.01.2025","31,00","30,88","31,12","30,88","16,60M","0,68%"
"02.01.2025","30,79","30,68","30,84","30,62","16,51M","0,69%"
"31.12.2024","30,58","30,51","30,70","30,45","20,10M","0,26%"
"30.12.2024","30,50","30,69","30,73","30,45","14,92M","-0,62%"
"27.12.2024","30,69","30,73","30,81","30,67","9,57M","-0,13%"
"26.12.2024","30,73","30,77","30,89","30,62","14,95M","0,23%"
"25.12.2024","30,66","30,80","30,92","30,60","13,05M","-0,45%"
"24.12.2024","30,80","31,04","31,09","30,77","11,98M","-0,52%"
"23.12.2024","30,96","31,17","31,50","30,78","23,99M","-0,42%"
"20.12.2024","31,09","30,37","31,10","30,33","20,70M","2,54%"
"19.12.2024","30,32","30,49","30,56","30,18","19,52M","-0,95%"
"18.12.2024","30,61","30,79","30,93","30,61","15,20M","-0,58%"
"17.12.2024","30,79","31,13","31,13","30,77","14,28M","-1,09%"
"16.12.2024","31,13","31,22","31,24","31,11","16,01M","-0,26%"
"13.12.2024","31,21","31,12","31,35","31,02","17,51M","0,52%"
"12.12.2024","31,05","31,45","31,57","31,01","26,11M","-1,15%"
"11.12.2024","31,41","31,90","31,91","31,32","28,49M","-1,16%"
"10.12.2024","31,78","32,00","32,23","31,66","38,95M","-0,59%"
"09.12.2024","31,97","32,02","32,02","31,76","20,70M","-0,16%"
"06.12.2024","32,02","32,08","32,13","32,01","17,50M","-0,19%"
"05.12.2024","32,08","32,14","32,20","32,02","17,13M","-0,12%"
"04.12.2024","32,12","32,41","32,43","32,05","20,94M","-0,86%"
"03.12.2024","32,40","32,47","32,53","32,36","17,93M","-0,15%"
"02.12.2024","32,45","32,50","32,54","32,39","16,00M","-0,70%"
"29.11.2024","32,68","32,75","32,76","32,61","10,95M","0,71%"
"28.11.2024","32,45","32,48","32,62","32,45","11,99M","-0,12%"
"27.11.2024","32,49","32,61","32,75","32,44","18,11M","-0,18%"
"26.11.2024","32,55","32,70","32,85","32,51","27,18M","-1,06%"
"25.11.2024","32,90","33,08","33,34","32,81","23,43M","-2,08%"
"22.11.2024","33,60","33,69","33,78","33,46","23,90M","0,66%"
"21.11.2024","33,38","33,64","33,79","33,02","30,79M","-0,09%"
"20.11.2024","33,41","33,70","33,82","32,93","41,54M","-0,62%"
"19.11.2024","33,62","33,26","33,82","33,09","44,41M","1,97%"
"18.11.2024","32,97","32,25","32,99","32,25","31,27M","3,03%"
"15.11.2024","32,00","31,48","32,12","31,48","30,79M","1,75%"
"14.11.2024","31,45","31,39","31,63","31,16","31,02M","-1,72%"
"13.11.2024","32,00","32,08","32,38","31,99","27,26M","-0,09%"
"12.11.2024","32,03","31,90","32,07","31,39","27,78M","-0,40%"
"11.11.2024","32,16","32,65","32,65","32,00","22,06M","-2,25%"
"08.11.2024","32,90","32,95","32,97","32,50","18,54M","-0,15%"
"07.11.2024","32,95","32,07","33,03","31,80","25,87M","2,71%"
"06.11.2024","32,08","32,82","32,82","32,00","37,65M","-3,20%"
"05.11.2024","33,14","33,23","33,27","33,05","14,41M","-0,24%"
"04.11.2024","33,22","33,50","33,51","32,94","19,56M","-0,84%"
"01.11.2024","33,50","33,47","33,64","33,36","13,48M","0,57%"
"31.10.2024","33,31","33,62","33,66","33,17","16,24M","-0,92%"
"30.10.2024","33,62","33,90","34,00","33,55","21,62M","0,87%"
"28.10.2024","33,33","33,87","33,87","33,32","12,56M","-1,59%"
"25.10.2024","33,87","33,86","33,93","33,53","17,95M","0,00%"
"24.10.2024","33,87","33,90","33,99","33,74","14,84M","0,50%"
"23.10.2024","33,70","34,02","34,07","33,70","29,00M","-0,94%"
"22.10.2024","34,02","34,05","34,12","33,50","33,88M","0,32%"
"21.10.2024","33,91","33,65","34,07","33,65","36,61M","1,16%"
"18.10.2024","33,52","33,20","33,63","32,96","38,83M","2,01%"
"17.10.2024","32,86","32,66","32,89","32,56","27,31M","0,98%"
"16.10.2024","32,54","32,59","32,70","32,37","33,48M","1,21%"
"15.10.2024","32,15","32,10","32,26","31,87","29,35M","0,12%"
"14.10.2024","32,11","32,22","32,70","31,66","37,50M","-0,25%"
"11.10.2024","32,19","32,10","32,24","31,80","27,53M","2,35%"
"10.10.2024","31,45","30,40","31,49","30,40","31,43M","3,62%"
"09.10.2024","30,35","31,20","31,20","30,31","36,38M","-3,10%"
"08.10.2024","31,32","32,10","32,12","31,30","39,41M","-2,43%"
"07.10.2024","32,10","32,47","32,48","31,96","28,20M","-1,53%"
"04.10.2024","32,60","32,40","32,70","32,21","34,75M","1,31%"
"03.10.2024","32,18","32,88","33,10","31,72","53,29M","-1,83%"
"02.10.2024","32,78","32,42","32,96","32,11","46,90M","1,08%"
"01.10.2024","32,43","31,68","32,68","31,58","51,76M","3,25%"
"30.09.2024","31,41","31,62","31,97","31,27","32,02M","-0,66%"
"27.09.2024","31,62","31,57","31,81","31,23","27,89M","0,16%"
"26.09.2024","31,57","30,83","31,59","30,83","31,64M","2,43%"
"25.09.2024","30,82","30,68","30,95","30,67","28,64M","0,59%"
"24.09.2024","30,64","30,19","30,65","30,11","24,05M","1,49%"
"23.09.2024","30,19","29,81","30,21","29,59","23,57M","1,51%"
"20.09.2024","29,74","29,36","29,76","29,34","22,30M","2,34%"
"19.09.2024","29,06","28,85","29,12","28,85","56,55M","0,87%"
"18.09.2024","28,81","28,75","28,88","28,69","16,05M","0,10%"
"17.09.2024","28,78","28,79","28,85","28,65","20,92M","-0,03%"
"16.09.2024","28,79","28,80","28,86","28,74","22,08M","0,38%"
"13.09.2024","28,68","28,55","28,82","28,54","18,42M","0,84%"
"12.09.2024","28,44","28,19","28,53","28,19","19,61M","0,96%"
"11.09.2024","28,17","28,30","28,44","28,15","16,40M","-0,07%"
"10.09.2024","28,19","28,18","28,29","28,17","12,24M","0,11%"
"09.09.2024","28,16","28,25","28,25","28,12","13,67M","-0,60%"
"06.09.2024","28,33","28,35","28,39","28,16","20,87M","0,35%"
"05.09.2024","28,23","28,24","28,32","28,19","16,92M","0,25%"
"04.09.2024","28,16","28,18","28,27","28,03","24,52M","0,14%"
"03.09.2024","28,12","28,18","28,23","28,05","24,27M","-0,21%"
"02.09.2024","28,18","28,38","28,38","28,05","21,78M","-1,09%"
"29.08.2024","28,49","28,48","28,74","28,39","31,34M","0,71%"
"28.08.2024","28,29","28,36","28,36","28,25","19,33M","-0,46%"
"27.08.2024","28,42","28,59","28,61","28,25","25,96M","-0,59%"
"26.08.2024","28,59","28,60","29,08","28,44","48,28M","0,21%"
"23.08.2024","28,53","28,13","28,53","28,13","32,43M","1,78%"
"22.08.2024","28,03","28,13","28,24","27,87","27,86M","-0,36%"
"21.08.2024","28,13","28,13","28,23","27,89","32,22M","0,04%"
"20.08.2024","28,12","27,50","28,19","27,47","51,07M","2,22%"
"19.08.2024","27,51","27,34","27,52","27,26","37,09M","0,66%"
"16.08.2024","27,33","26,88","27,36","26,86","37,23M","1,75%"
"15.08.2024","26,86","26,75","26,93","26,61","33,77M","0,83%"
"14.08.2024","26,64","26,89","27,00","26,62","28,35M","-1,11%"
"13.08.2024","26,94","26,72","26,94","26,67","31,62M","0,82%"
"12.08.2024","26,72","26,39","26,72","26,39","30,02M","1,25%"
"09.08.2024","26,39","26,15","26,39","26,13","25,26M","0,92%"
"08.08.2024","26,15","26,12","26,21","26,07","23,69M","0,15%"
"07.08.2024","26,11","26,15","26,17","26,06","17,52M","-0,34%"
"06.08.2024","26,20","25,98","26,28","25,76","39,37M","0,38%"
"05.08.2024","26,10","26,10","26,28","25,76","52,06M","0,66%"
"02.08.2024","25,93","26,08","26,38","25,87","56,04M","0,46%"
"01.08.2024","25,81","25,83","25,87","25,65","35,26M","0,62%"
"31.07.2024","25,65","25,62","25,76","25,54","35,33M","1,38%"
"30.07.2024","25,30","25,19","25,38","25,17","19,14M","0,88%"
"29.07.2024","25,08","25,03","25,19","25,02","28,87M","0,93%"
"26.07.2024","24,85","24,92","24,97","24,74","30,61M","0,12%"
"25.07.2024","24,82","25,05","25,17","24,70","55,31M","-2,36%"
"24.07.2024","25,42","25,53","25,58","25,33","31,06M","-0,04%"
"23.07.2024","25,43","25,27","25,56","25,26","17,92M","0,67%"
"22.07.2024","25,26","25,58","25,58","25,21","27,79M","-1,25%"
"19.07.2024","25,58","25,55","25,71","25,51","28,18M","-1,43%"
"18.07.2024","25,95","25,91","26,08","25,87","22,13M","0,39%"
"17.07.2024","25,85","25,88","26,04","25,84","28,54M","0,47%"
"16.07.2024","25,73","25,32","25,75","25,32","29,07M","2,18%"
"12.07.2024","25,18","25,06","25,18","24,95","22,14M","0,48%"
"11.07.2024","25,06","24,75","25,06","24,75","23,85M","1,50%"
"10.07.2024","24,69","24,65","24,75","24,63","16,79M","0,78%"
"09.07.2024","24,50","24,47","24,63","24,41","20,95M","0,12%"
"08.07.2024","24,47","24,50","24,52","24,42","18,55M","-0,16%"
"05.07.2024","24,51","24,38","24,55","24,38","26,53M","0,82%"
"04.07.2024","24,31","24,31","24,35","24,28","11,74M","-0,04%"
"03.07.2024","24,32","24,28","24,35","24,24","16,37M","0,41%"
"02.07.2024","24,22","24,27","24,31","24,14","18,76M","-0,12%"
"01.07.2024","24,25","24,50","24,50","24,22","16,41M","-1,02%"
"28.06.2024","24,50","24,50","24,58","24,46","13,75M","0,29%"
"27.06.2024","24,43","24,26","24,57","24,24","13,61M","0,70%"
"26.06.2024","24,26","24,52","24,52","24,26","16,66M","-1,10%"
"25.06.2024","24,53","24,43","24,62","24,39","23,08M","0,41%"
"24.06.2024","24,43","24,43","24,49","24,29","39,57M","-0,08%"
"21.06.2024","24,45","24,59","24,69","24,40","17,27M","-0,57%"
"20.06.2024","24,59","24,25","24,59","24,15","20,14M","1,49%"
"14.06.2024","24,23","23,65","24,23","23,65","16,04M","2,58%"
"13.06.2024","23,62","23,41","23,65","23,39","15,31M","0,34%"
"12.06.2024","23,54","23,40","23,72","23,38","21,09M","0,60%"
"11.06.2024","23,40","23,33","23,49","23,14","20,10M","0,21%"
"10.06.2024","23,35","23,59","23,59","23,33","24,67M","-1,10%"
"07.06.2024","23,61","24,05","24,13","23,49","27,90M","-1,58%"
"06.06.2024","23,99","24,09","24,10","23,95","13,47M","0,29%"
"05.06.2024","23,92","24,04","24,15","23,86","21,26M","-0,08%"
"04.06.2024","23,94","23,82","24,07","23,79","23,56M","0,59%"
"03.06.2024","23,80","23,91","23,93","23,78","15,53M","-0,83%"
"31.05.2024","24,00","24,06","24,25","24,00","13,50M","-0,17%"
"30.05.2024","24,04","23,99","24,09","23,98","13,67M","0,21%"
"29.05.2024","23,99","24,23","24,27","23,95","14,70M","-0,99%"
"28.05.2024","24,23","24,24","24,29","24,16","13,34M","-0,16%"
"27.05.2024","24,27","24,32","24,34","24,24","20,73M","-0,21%"
"24.05.2024","24,32","24,29","24,42","24,25","13,63M","0,04%"
"23.05.2024","24,31","24,29","24,45","24,21","16,17M","-0,57%"
"22.05.2024","24,45","24,68","24,68","24,41","17,67M","-1,13%"
"21.05.2024","24,73","24,89","24,92","24,72","23,57M","-0,72%"
"20.05.2024","24,91","25,14","25,17","24,87","23,25M","0,04%"
"17.05.2024","24,90","24,62","24,92","24,59","21,40M","1,43%"
"16.05.2024","24,55","24,58","24,64","24,53","17,88M","0,41%"
"15.05.2024","24,45","24,44","24,65","24,40","23,74M","0,04%"
"14.05.2024","24,44","24,38","24,49","24,29","19,25M","0,21%"
"13.05.2024","24,39","24,64","24,64","24,37","18,82M","-1,26%"
"10.05.2024","24,70","24,77","24,87","24,56","20,34M","0,53%"
"09.05.2024","24,57","24,39","24,67","24,32","19,13M","0,74%"
"08.05.2024","24,39","24,49","24,49","24,39","15,53M","-0,45%"
"07.05.2024","24,50","24,64","24,65","24,45","17,83M","-0,57%"
"06.05.2024","24,64","24,72","24,79","24,63","24,60M","-0,28%"
"03.05.2024","24,71","24,62","24,86","24,54","24,88M","0,41%"
"02.05.2024","24,61","24,70","24,82","24,51","22,01M","-0,28%"
"30.04.2024","24,68","24,80","24,83","24,58","26,69M","-0,68%"
"29.04.2024","24,85","25,09","25,09","24,81","21,88M","-1,15%"
"26.04.2024","25,14","25,12","25,19","25,07","19,56M","0,36%"
"25.04.2024","25,05","25,01","25,19","24,91","22,99M","0,12%"
"24.04.2024","25,02","25,24","25,24","24,86","32,24M","-1,03%"
"22.04.2024","25,28","25,54","25,56","25,22","40,14M","-2,88%"
"19.04.2024","26,03","26,04","26,21","25,66","30,40M","0,31%"
"18.04.2024","25,95","26,02","26,12","25,89","25,97M","-0,38%"
"17.04.2024","26,05","25,72","26,08","25,55","37,95M","1,28%"
"16.04.2024","25,72","25,40","25,72","25,35","44,44M","1,74%"
"15.04.2024","25,28","25,28","25,41","25,06","45,74M","0,16%"
"09.04.2024","25,24","24,93","25,30","24,91","15,65M","1,73%"
"08.04.2024","24,81","24,72","24,85","24,69","26,76M","0,61%"
"05.04.2024","24,66","24,12","24,70","24,02","27,57M","2,24%"
"04.04.2024","24,12","24,41","24,48","24,07","21,45M","-1,19%"
"03.04.2024","24,41","24,90","24,93","24,34","27,29M","-1,33%"
"02.04.2024","24,74","24,92","24,99","24,65","22,29M","-0,28%"
"01.04.2024","24,81","25,51","25,76","24,50","57,12M","-1,90%"
"29.03.2024","25,29","24,89","25,44","24,75","35,89M","2,60%"
"28.03.2024","24,65","24,36","24,71","24,35","26,25M","1,32%"
"27.03.2024","24,33","24,22","24,37","24,13","26,97M","0,45%"
"26.03.2024","24,22","24,40","24,46","24,17","44,76M","-1,02%"
"25.03.2024","24,47","24,20","24,49","24,20","32,13M","1,20%"
"22.03.2024","24,18","23,92","24,24","23,79","35,86M","1,30%"
"21.03.2024","23,87","24,49","24,63","23,71","115,52M","-0,42%"
"20.03.2024","23,97","24,16","24,24","23,96","70,73M","-0,54%"
"19.03.2024","24,10","24,10","24,28","23,93","45,83M","0,00%"
"18.03.2024","24,10","24,10","24,33","23,88","53,79M","0,00%"
"15.03.2024","24,10","24,23","24,68","24,06","73,30M","0,08%"
"14.03.2024","24,08","24,43","24,75","24,06","55,04M","-1,35%"
"13.03.2024","24,41","24,80","24,90","24,38","47,81M","-1,53%"
"12.03.2024","24,79","25,68","25,68","24,75","63,95M","-3,50%"
"11.03.2024","25,69","25,77","25,93","25,36","69,10M","1,14%"
"08.03.2024","25,40","25,63","26,48","25,38","91,49M","-0,35%"
"07.03.2024","25,49","24,82","25,65","24,79","50,22M","3,20%"
"06.03.2024","24,70","24,67","25,01","24,53","56,94M","0,45%"
"05.03.2024","24,59","24,88","25,03","24,53","61,24M","-0,12%"
"04.03.2024","24,62","24,26","24,90","24,26","52,89M","1,74%"
"01.03.2024","24,20","23,84","24,22","23,70","26,38M","1,47%"
"29.02.2024","23,85","23,31","23,87","23,26","28,36M","2,32%"
"28.02.2024","23,31","23,34","23,34","23,28","15,94M","-0,17%"
"27.02.2024","23,35","23,30","23,39","23,27","20,33M","0,21%"
"26.02.2024","23,30","23,34","23,36","23,22","17,93M","-0,17%"
"23.02.2024","23,34","23,34","23,36","23,24","13,52M","0,00%"
"22.02.2024","23,34","23,38","23,41","23,28","12,06M","-0,13%"
"21.02.2024","23,37","23,35","23,43","23,28","16,48M","0,47%"
"20.02.2024","23,26","23,22","23,30","22,96","23,74M","0,26%"
"19.02.2024","23,20","23,29","23,36","23,19","20,51M","-0,34%"
"16.02.2024","23,28","23,20","23,30","23,19","14,82M","0,39%"
"15.02.2024","23,19","22,94","23,22","22,93","14,71M","1,13%"
"14.02.2024","22,93","23,09","23,10","22,91","16,79M","-0,69%"
"13.02.2024","23,09","23,20","23,30","23,06","20,34M","-0,47%"
"12.02.2024","23,20","23,35","23,35","23,18","19,41M","-0,64%"
"09.02.2024","23,35","23,36","23,39","23,27","12,74M","0,04%"
"08.02.2024","23,34","23,38","23,40","23,29","9,51M","-0,21%"
"07.02.2024","23,39","23,28","23,39","23,26","12,23M","0,47%"
"06.02.2024","23,28","23,32","23,35","23,25","11,44M","-0,17%"
"05.02.2024","23,32","23,42","23,44","23,26","14,14M","-0,43%"
"02.02.2024","23,42","23,43","23,57","23,36","19,28M","0,26%"
"01.02.2024","23,36","23,40","23,40","23,27","13,00M","-0,21%"
"31.01.2024","23,41","23,25","23,50","23,17","11,33M","0,60%"
"30.01.2024","23,27","23,16","23,28","23,13","10,78M","0,47%"
"29.01.2024","23,16","23,26","23,30","23,14","17,72M","-0,39%"
"26.01.2024","23,25","23,28","23,30","23,14","14,24M","-0,13%"
"25.01.2024","23,28","23,20","23,30","23,15","9,63M","0,34%"
"24.01.2024","23,20","23,20","23,35","23,15","10,22M","0,00%"
"23.01.2024","23,20","23,31","23,42","23,17","12,67M","-0,43%"
"22.01.2024","23,30","23,28","23,35","23,12","10,72M","0,09%"
"19.01.2024","23,28","23,38","23,43","23,24","19,69M","-0,34%"
"18.01.2024","23,36","23,39","23,43","23,26","15,43M","-0,13%"
"17.01.2024","23,39","23,50","23,54","23,33","13,37M","-0,68%"
"16.01.2024","23,55","23,58","23,62","23,49","12,59M","-0,13%"
"15.01.2024","23,58","23,34","23,58","23,34","14,17M","1,03%"
"12.01.2024","23,34","23,21","23,36","23,10","21,27M","1,39%"
"11.01.2024","23,02","23,12","23,21","23,02","11,32M","-0,26%"
"10.01.2024","23,08","23,24","23,25","22,98","12,56M","-0,86%"
"09.01.2024","23,28","23,01","23,33","23,01","11,58M","1,22%"
"08.01.2024","23,00","23,11","23,11","22,87","13,43M","-0,61%"
"05.01.2024","23,14","23,10","23,17","22,96","10,62M","0,17%"
"04.01.2024","23,10","23,03","23,13","22,89","13,75M","0,30%"
"03.01.2024","23,03","22,89","23,24","22,71","17,78M","0,61%"
"02.01.2024","22,89","23,31","23,31","22,66","25,11M","-2,55%"
"29.12.2023","23,49","22,50","23,49","22,50","39,20M","4,40%"
"28.12.2023","22,50","22,13","22,52","21,94","22,65M","2,55%"
"27.12.2023","21,94","21,67","22,00","21,65","17,83M","1,72%"
"26.12.2023","21,57","21,42","21,65","21,42","19,15M","0,89%"
"25.12.2023","21,38","21,25","21,38","21,18","14,66M","0,00%"
"22.12.2023","21,38","21,01","21,42","20,97","24,33M","1,76%"
"21.12.2023","21,01","20,80","21,01","20,72","23,81M","0,86%"
"20.12.2023","20,83","20,87","20,89","20,58","15,03M","-0,10%"
"19.12.2023","20,85","20,74","20,86","20,52","17,20M","0,58%"
"18.12.2023","20,73","20,90","20,90","20,71","13,55M","-0,86%"
"15.12.2023","20,91","20,96","20,97","20,85","10,88M","-0,24%"
"14.12.2023","20,96","20,90","21,03","20,72","23,59M","2,49%"
"13.12.2023","20,45","20,45","20,48","20,26","14,83M","-0,10%"
"12.12.2023","20,47","20,47","20,66","20,39","14,05M","0,00%"
"11.12.2023","20,47","20,57","20,60","20,35","15,01M","-0,87%"
"08.12.2023","20,65","20,79","20,88","20,56","14,87M","-0,58%"
"07.12.2023","20,77","20,60","20,87","20,60","21,60M","0,87%"
"06.12.2023","20,59","20,55","20,77","20,51","19,34M","0,39%"
"05.12.2023","20,51","20,55","20,61","20,45","18,77M","-0,39%"
"04.12.2023","20,59","20,91","20,91","20,50","25,68M","0,19%"
"01.12.2023","20,55","20,38","20,57","20,37","16,53M","0,93%"
"30.11.2023","20,36","20,58","20,58","20,25","18,31M","-1,17%"
"29.11.2023","20,60","20,42","20,62","20,35","24,69M","1,48%"
"28.11.2023","20,30","20,06","20,37","20,05","19,46M","1,30%"
"27.11.2023","20,04","19,95","20,09","19,93","26,05M","0,91%"
"24.11.2023","19,86","19,79","19,89","19,79","13,71M","0,40%"
"23.11.2023","19,78","19,80","19,83","19,72","19,31M","-0,10%"
"22.11.2023","19,80","19,83","19,92","19,80","15,92M","-0,15%"
"21.11.2023","19,83","19,71","19,90","19,71","24,72M","1,07%"
"20.11.2023","19,62","19,64","19,64","19,50","19,48M","-0,10%"
"17.11.2023","19,64","19,74","19,84","19,64","21,01M","-0,46%"
"16.11.2023","19,73","19,56","19,75","19,38","23,43M","1,23%"
"15.11.2023","19,49","19,53","19,65","19,44","19,34M","-0,05%"
"14.11.2023","19,50","19,18","19,55","19,12","27,44M","1,67%"
"13.11.2023","19,18","19,06","19,18","18,90","16,58M","0,37%"
"10.11.2023","19,11","19,15","19,16","18,96","16,88M","-0,21%"
"09.11.2023","19,15","18,91","19,16","18,87","20,77M","1,06%"
"08.11.2023","18,95","18,84","19,08","18,77","31,66M","0,58%"
"07.11.2023","18,84","18,90","18,90","18,68","46,92M","-1,05%"
"06.11.2023","19,04","19,33","19,34","19,04","43,64M","-1,96%"
"03.11.2023","19,42","19,35","19,60","19,33","36,86M","0,36%"
"02.11.2023","19,35","19,37","19,43","19,22","33,53M","-0,10%"
"01.11.2023","19,37","19,48","19,49","19,33","42,63M","-1,53%"
"31.10.2023","19,67","19,53","19,78","19,47","46,15M","0,31%"
"30.10.2023","19,61","19,71","19,74","19,57","40,86M","0,00%"
"27.10.2023","19,61","19,64","19,76","19,56","52,73M","0,36%"
"26.10.2023","19,54","19,76","19,97","19,40","106,75M","-1,11%"
"25.10.2023","19,76","19,16","19,78","19,16","98,22M","3,19%"
"24.10.2023","19,15","19,74","19,74","19,14","75,35M","-3,09%"
"23.10.2023","19,76","19,99","20,24","19,31","120,12M","-2,76%"
"20.10.2023","20,32","20,70","20,74","20,15","95,90M","1,14%"
"19.10.2023","20,09","19,91","20,22","19,72","65,47M","0,90%"
"18.10.2023","19,91","19,50","20,03","19,49","81,43M","4,08%"
"17.10.2023","19,13","19,08","19,39","19,01","57,08M","0,05%"
"16.10.2023","19,12","19,00","19,41","18,28","96,08M","-0,16%"
"13.10.2023","19,15","18,32","19,15","18,32","90,13M","4,87%"
"12.10.2023","18,26","18,20","18,40","18,13","45,16M","0,83%"
"11.10.2023","18,11","18,05","18,34","18,00","46,69M","0,84%"
"10.10.2023","17,96","18,20","18,20","17,85","35,36M","-1,32%"
"09.10.2023","18,20","18,15","18,27","17,87","57,11M","4,18%"
"06.10.2023","17,47","17,34","17,48","17,20","19,61M","0,75%"
"05.10.2023","17,34","17,39","17,49","17,30","24,70M","-0,23%"
"04.10.2023","17,38","17,23","17,54","17,19","24,06M","0,70%"
"03.10.2023","17,26","17,15","17,31","17,13","26,20M","0,47%"
"02.10.2023","17,18","17,25","17,29","17,16","24,23M","-1,21%"
"29.09.2023","17,39","17,38","17,47","17,37","17,05M","0,23%"
"28.09.2023","17,35","17,37","17,50","17,34","17,71M","0,12%"
"27.09.2023","17,33","17,58","17,61","17,30","23,85M","-1,53%"
"26.09.2023","17,60","17,74","17,74","17,59","21,09M","-1,01%"
"25.09.2023","17,78","17,87","17,89","17,77","19,01M","-0,45%"
"22.09.2023","17,86","17,88","17,92","17,81","14,72M","-0,06%"
"21.09.2023","17,87","17,83","17,93","17,64","25,59M","-0,89%"
"20.09.2023","18,03","17,93","18,04","17,78","20,66M","0,56%"
"19.09.2023","17,93","18,05","18,06","17,90","12,68M","-0,55%"
"18.09.2023","18,03","18,02","18,19","17,97","25,76M","0,17%"
"15.09.2023","18,00","17,84","18,04","17,82","19,75M","1,47%"
"14.09.2023","17,74","17,83","17,85","17,72","17,49M","-0,84%"
"13.09.2023","17,89","17,81","17,92","17,72","16,24M","0,45%"
"12.09.2023","17,81","18,00","18,00","17,80","16,11M","-1,17%"
"11.09.2023","18,02","18,07","18,13","18,00","20,67M","-0,28%"
"08.09.2023","18,07","18,03","18,12","17,98","18,61M","0,44%"
"07.09.2023","17,99","17,91","18,05","17,89","17,99M","0,62%"
"06.09.2023","17,88","18,06","18,09","17,86","23,32M","-1,05%"
"05.09.2023","18,07","18,30","18,30","18,03","20,42M","-1,26%"
"04.09.2023","18,30","18,44","18,46","18,29","20,24M","-0,71%"
"01.09.2023","18,43","18,51","18,57","18,40","21,45M","-0,43%"
"31.08.2023","18,51","18,72","18,80","18,51","20,01M","-0,86%"
"29.08.2023","18,67","18,63","18,76","18,46","25,96M","0,38%"
"28.08.2023","18,60","18,61","18,67","18,44","30,64M","0,00%"
"25.08.2023","18,60","18,90","19,04","18,54","31,59M","-1,54%"
"24.08.2023","18,89","19,44","19,57","18,36","82,73M","-2,18%"
"23.08.2023","19,31","18,85","19,41","18,85","38,62M","2,44%"
"22.08.2023","18,85","18,50","18,99","18,50","51,34M","2,33%"
"21.08.2023","18,42","18,24","18,59","18,21","51,44M","1,60%"
"18.08.2023","18,13","18,09","18,19","18,01","32,02M","0,22%"
"17.08.2023","18,09","18,03","18,09","17,97","35,00M","0,22%"
"16.08.2023","18,05","18,13","18,13","18,03","19,76M","-0,28%"
"15.08.2023","18,10","18,14","18,15","18,06","24,99M","-0,33%"
"14.08.2023","18,16","18,09","18,17","18,00","31,18M","0,39%"
"11.08.2023","18,09","18,12","18,15","18,04","26,38M","-0,06%"
"10.08.2023","18,10","18,12","18,25","18,06","28,76M","-0,11%"
"09.08.2023","18,12","18,20","18,24","18,11","23,19M","-0,22%"
"08.08.2023","18,16","18,14","18,46","18,11","36,85M","0,11%"
"07.08.2023","18,14","18,17","18,19","18,10","17,28M","-0,17%"
"04.08.2023","18,17","18,09","18,20","18,05","17,97M","0,50%"
"03.08.2023","18,08","18,00","18,14","17,96","19,09M","0,44%"
"02.08.2023","18,00","18,14","18,18","18,00","21,14M","-0,72%"
"01.08.2023","18,13","18,18","18,18","18,10","18,34M","-0,33%"
"31.07.2023","18,19","18,20","18,25","18,05","24,11M","-0,05%"
"28.07.2023","18,20","18,11","18,20","18,00","20,52M","0,55%"
"27.07.2023","18,10","18,28","18,35","18,02","21,46M","-0,71%"
"26.07.2023","18,23","18,25","18,31","18,19","17,06M","0,11%"
"25.07.2023","18,21","18,21","18,28","18,15","19,00M","0,00%"
"24.07.2023","18,21","18,28","18,30","18,15","19,30M","-0,38%"
"21.07.2023","18,28","18,45","18,59","18,21","25,49M","-0,92%"
"20.07.2023","18,45","18,56","18,85","18,43","42,02M","-0,49%"
"19.07.2023","18,54","18,54","18,81","18,17","33,33M","-0,11%"
"18.07.2023","18,56","17,86","18,56","17,86","41,97M","4,98%"
"17.07.2023","17,68","17,36","17,72","17,36","32,17M","1,84%"
"14.07.2023","17,36","17,25","17,41","17,15","22,70M","0,58%"
"13.07.2023","17,26","17,30","17,35","17,22","22,27M","0,47%"
"12.07.2023","17,18","17,00","17,24","17,00","30,48M","1,36%"
"11.07.2023","16,95","16,85","17,06","16,84","27,52M","0,77%"
"10.07.2023","16,82","16,91","16,91","16,80","17,52M","-0,53%"
"07.07.2023","16,91","16,69","16,95","16,68","21,28M","1,38%"
"06.07.2023","16,68","16,80","16,85","16,66","22,38M","-0,42%"
"05.07.2023","16,75","16,77","16,95","16,72","19,77M","-0,12%"
"04.07.2023","16,77","16,60","16,83","16,58","16,94M","1,02%"
"03.07.2023","16,60","16,38","16,63","16,20","38,39M","0,97%"
"27.06.2023","16,44","16,08","16,44","16,00","19,92M","1,67%"
"26.06.2023","16,17","15,61","16,24","15,61","40,68M","4,26%"
"23.06.2023","15,51","15,22","15,75","15,21","62,51M","4,23%"
"22.06.2023","14,88","14,47","15,02","14,37","78,72M","2,62%"
"21.06.2023","14,50","14,60","14,61","14,40","34,38M","-0,82%"
"20.06.2023","14,62","14,85","14,85","14,48","40,21M","-1,55%"
"19.06.2023","14,85","14,82","14,98","14,75","38,27M","-0,34%"
"16.06.2023","14,90","14,93","15,04","14,89","27,44M","0,00%"
"15.06.2023","14,90","14,79","14,95","14,68","44,20M","-0,40%"
"14.06.2023","14,96","15,03","15,07","14,80","45,94M","-0,73%"
"13.06.2023","15,07","15,23","15,31","15,06","33,97M","-0,86%"
"12.06.2023","15,20","15,24","15,26","15,18","37,06M","0,33%"
"09.06.2023","15,15","15,25","15,32","15,10","40,43M","-0,53%"
"08.06.2023","15,23","15,07","15,26","15,01","49,24M","0,86%"
"07.06.2023","15,10","15,00","15,10","14,86","70,38M","4,79%"
"06.06.2023","14,41","14,35","14,49","14,34","40,67M","0,91%"
"05.06.2023","14,28","14,42","14,42","14,25","61,40M","-1,86%"
"02.06.2023","14,55","14,74","14,74","14,48","46,96M","-1,49%"
"01.06.2023","14,77","14,80","14,84","14,66","34,19M","-0,61%"
"31.05.2023","14,86","14,75","14,98","14,73","36,92M","1,92%"
"30.05.2023","14,58","14,51","14,77","14,21","60,44M","0,41%"
"29.05.2023","14,52","14,87","14,87","14,41","52,53M","-2,75%"
"26.05.2023","14,93","15,03","15,10","14,83","42,69M","0,20%"
"25.05.2023","14,90","14,96","15,10","14,81","27,58M","-0,27%"
"24.05.2023","14,94","15,04","15,27","14,93","45,62M","-0,60%"
"23.05.2023","15,03","14,79","15,05","14,55","39,30M","1,35%"
"22.05.2023","14,83","14,50","14,85","14,50","41,80M","3,56%"
"18.05.2023","14,32","14,00","14,45","13,82","48,97M","2,07%"
"17.05.2023","14,03","14,30","14,34","14,02","43,68M","-2,70%"
"16.05.2023","14,42","14,90","14,90","14,30","53,34M","-3,42%"
"15.05.2023","14,93","15,33","15,33","14,83","51,85M","-3,11%"
"12.05.2023","15,41","14,88","15,48","14,79","124,27M","3,56%"
"11.05.2023","14,88","15,04","15,05","14,80","66,20M","-1,00%"
"10.05.2023","15,03","14,94","15,10","14,88","33,56M","0,74%"
"09.05.2023","14,92","14,97","15,01","14,70","31,48M","-0,20%"
"08.05.2023","14,95","15,08","15,18","14,71","49,48M","-0,27%"
"05.05.2023","14,99","15,00","15,29","14,83","76,17M","-0,20%"
"04.05.2023","15,02","14,85","15,03","14,74","48,97M","2,11%"
"03.05.2023","14,71","14,65","14,74","14,54","44,55M","0,82%"
"02.05.2023","14,59","14,32","14,59","14,15","46,16M","1,89%"
"28.04.2023","14,32","14,49","14,55","13,96","63,31M","-1,17%"
"27.04.2023","14,49","14,62","14,69","14,41","50,41M","-0,21%"
"26.04.2023","14,52","14,52","14,75","14,30","69,79M","0,07%"
"25.04.2023","14,51","14,21","14,53","14,13","105,21M","2,69%"
"24.04.2023","14,13","13,89","14,14","13,76","71,61M","1,80%"
"20.04.2023","13,88","13,80","14,03","13,80","28,00M","1,09%"
"19.04.2023","13,73","13,44","13,74","13,39","69,04M","1,55%"
"18.04.2023","13,52","13,30","13,53","13,27","56,27M","2,35%"
"17.04.2023","13,21","13,22","13,31","13,14","49,29M","0,38%"
"14.04.2023","13,16","13,23","13,36","13,13","73,56M","-0,45%"
"13.04.2023","13,22","13,12","13,25","13,10","38,67M","1,30%"
"12.04.2023","13,05","13,10","13,19","13,03","40,50M","0,08%"
"11.04.2023","13,04","13,04","13,11","13,01","30,77M","0,46%"
"10.04.2023","12,98","13,02","13,06","12,95","39,37M","-0,84%"
"07.04.2023","13,09","13,06","13,10","13,05","17,85M","0,31%"
"06.04.2023","13,05","13,03","13,13","12,98","26,07M","0,15%"
"05.04.2023","13,03","13,00","13,14","12,99","54,13M","0,54%"
"04.04.2023","12,96","12,85","13,02","12,82","46,60M","0,86%"
"03.04.2023","12,85","12,77","12,92","12,70","49,56M","-0,62%"
"31.03.2023","12,93","12,78","12,93","12,75","34,81M","1,49%"
"30.03.2023","12,74","12,72","12,75","12,69","23,78M","0,24%"
"29.03.2023","12,71","12,71","12,74","12,65","27,41M","-0,31%"
"28.03.2023","12,75","12,59","12,75","12,56","27,45M","1,35%"
"27.03.2023","12,58","12,69","12,72","12,52","34,58M","-2,02%"
"24.03.2023","12,84","12,62","12,86","12,62","44,77M","1,82%"
"23.03.2023","12,61","12,59","12,67","12,52","32,13M","1,37%"
"22.03.2023","12,44","12,29","12,45","12,28","23,87M","0,89%"
"21.03.2023","12,33","12,37","12,43","12,26","23,46M","-0,32%"
"20.03.2023","12,37","12,45","12,64","12,35","40,58M","0,57%"
"17.03.2023","12,30","12,17","12,32","12,12","30,40M","1,40%"
"16.03.2023","12,13","12,13","12,20","12,00","26,03M","-0,16%"
"15.03.2023","12,15","11,94","12,20","11,84","44,36M","1,67%"
"14.03.2023","11,95","12,02","12,04","11,91","22,77M","-0,67%"
"13.03.2023","12,03","11,83","12,04","11,78","71,67M","2,47%"
"10.03.2023","11,74","11,56","11,74","11,56","19,53M","1,65%"
"09.03.2023","11,55","11,51","11,56","11,50","14,64M","0,26%"
"08.03.2023","11,52","11,50","11,55","11,49","21,70M","-0,52%"
"07.03.2023","11,58","11,69","11,69","11,57","25,32M","-0,94%"
"06.03.2023","11,69","11,76","11,80","11,68","23,06M","-0,09%"
"03.03.2023","11,70","11,74","11,75","11,69","20,97M","0,09%"
"02.03.2023","11,69","11,66","11,69","11,62","19,96M","0,00%"
"01.03.2023","11,69","11,64","11,72","11,64","15,02M","0,95%"
"28.02.2023","11,58","11,61","11,61","11,52","16,29M","-0,17%"
"27.02.2023","11,60","11,75","11,75","11,57","24,54M","-1,61%"
"24.02.2023","11,79","11,79","11,83","11,76","30,54M","-0,08%"
"23.02.2023","11,80","11,91","11,91","11,78","15,20M","-0,84%"
"22.02.2023","11,90","11,92","11,93","11,88","14,60M","-0,08%"
"21.02.2023","11,91","11,95","11,95","11,87","22,88M","-0,42%"
"20.02.2023","11,96","11,90","11,97","11,89","16,99M","1,10%"
"17.02.2023","11,83","11,78","11,86","11,75","13,22M","0,17%"
"16.02.2023","11,81","11,74","11,87","11,70","26,37M","0,51%"
"15.02.2023","11,75","11,77","11,77","11,39","22,95M","-1,18%"
"07.02.2023","11,89","11,92","11,94","11,85","15,83M","-0,17%"
"06.02.2023","11,91","11,93","11,98","11,81","24,78M","-0,25%"
"03.02.2023","11,94","12,04","12,06","11,88","38,62M","-0,83%"
"02.02.2023","12,04","12,12","12,28","12,03","35,87M","0,08%"
"01.02.2023","12,03","12,01","12,05","12,00","15,08M","0,25%"
"31.01.2023","12,00","12,00","12,02","11,93","18,85M","-0,41%"
"30.01.2023","12,05","12,08","12,09","12,04","12,89M","-0,17%"
"27.01.2023","12,07","12,05","12,11","12,02","20,41M","-0,08%"
"26.01.2023","12,08","12,13","12,14","12,07","16,52M","0,17%"
"25.01.2023","12,06","12,07","12,10","12,02","21,99M","-0,08%"
"24.01.2023","12,07","12,10","12,17","12,06","24,88M","0,58%"
"23.01.2023","12,00","12,06","12,09","11,99","21,18M","-0,50%"
"20.01.2023","12,06","12,02","12,12","12,01","18,09M","0,67%"
"19.01.2023","11,98","12,00","12,00","11,94","17,58M","-0,33%"
"18.01.2023","12,02","11,90","12,07","11,88","26,54M","0,33%"
"17.01.2023","11,98","11,89","11,99","11,83","20,24M","0,42%"
"16.01.2023","11,93","11,82","11,95","11,79","28,42M","1,19%"
"13.01.2023","11,79","11,64","11,79","11,59","24,80M","1,73%"
"12.01.2023","11,59","11,53","11,74","11,44","39,54M","0,61%"
"11.01.2023","11,52","12,00","12,00","11,49","41,71M","-3,68%"
"10.01.2023","11,96","12,38","12,38","11,92","53,57M","-3,55%"
"09.01.2023","12,40","12,11","12,40","12,11","73,60M","3,25%"
"06.01.2023","12,01","11,93","12,12","11,82","48,10M","0,76%"
"05.01.2023","11,92","11,86","12,41","11,77","49,72M","0,42%"
"04.01.2023","11,87","11,69","11,91","11,68","63,36M","1,63%"
"03.01.2023","11,68","11,38","11,70","11,38","61,71M","3,18%"
"02.01.2023","11,32","11,29","11,34","11,18","39,05M","-1,14%"
"30.12.2022","11,45","11,09","11,45","11,06","41,40M","3,43%"
"29.12.2022","11,07","11,06","11,10","11,05","40,43M","0,18%"
"28.12.2022","11,05","11,09","11,09","11,01","42,98M","-0,18%"
"27.12.2022","11,07","11,02","11,09","11,02","29,40M","0,73%"
"26.12.2022","10,99","10,97","11,00","10,92","16,18M","0,18%"
"23.12.2022","10,97","10,98","11,00","10,95","30,73M","-0,27%"
"22.12.2022","11,00","11,06","11,09","10,98","37,18M","-0,54%"
"21.12.2022","11,06","10,97","11,06","10,95","35,84M","0,82%"
"20.12.2022","10,97","10,83","10,97","10,83","22,69M","1,29%"
"19.12.2022","10,83","10,83","10,87","10,77","20,07M","0,00%"
"16.12.2022","10,83","10,76","10,83","10,73","17,78M","0,74%"
"15.12.2022","10,75","10,85","10,85","10,72","39,02M","-1,65%"
"14.12.2022","10,93","10,96","10,96","10,87","24,07M","-0,27%"
"13.12.2022","10,96","10,78","11,00","10,74","30,89M","1,67%"
"12.12.2022","10,78","10,81","10,83","10,76","22,16M","-0,46%"
"09.12.2022","10,83","10,79","10,87","10,78","14,94M","0,56%"
"08.12.2022","10,77","10,77","10,79","10,73","16,71M","0,19%"
"07.12.2022","10,75","10,70","10,75","10,66","23,08M","0,37%"
"06.12.2022","10,71","10,74","10,74","10,65","21,47M","-0,37%"
"05.12.2022","10,75","10,85","10,87","10,75","18,95M","-0,09%"
"02.12.2022","10,76","10,86","10,93","10,73","20,14M","-0,92%"
"01.12.2022","10,86","10,62","10,87","10,62","14,22M","2,84%"
"30.11.2022","10,56","10,56","10,60","10,55","5,94M","0,00%"
"29.11.2022","10,56","10,55","10,60","10,52","8,04M","0,19%"
"28.11.2022","10,54","10,55","10,63","10,51","15,16M","0,00%"
"25.11.2022","10,54","10,58","10,58","10,51","8,72M","-0,38%"
"24.11.2022","10,58","10,50","10,59","10,50","3,16M","1,05%"
"23.11.2022","10,47","10,50","10,51","10,41","4,07M","-0,19%"
"22.11.2022","10,49","10,49","10,53","10,47","5,21M","0,10%"